id;createdat;updatedat;name
1;2021-10-25T03:08:57;2021-10-25T01:19:23;Pennsylvania Accounts technologies
2;2021-10-25T03:15:27;2021-10-25T17:32:43;Borders Sleek
3;2021-10-25T17:19:56;2021-10-24T20:33:53;24 Card
4;2021-10-25T00:50:30;2021-10-25T13:41:30;Movies Functionality web-enabled
5;2021-10-25T10:16:15;2021-10-25T15:51:12;quantify encoding frame
6;2021-10-25T15:38:21;2021-10-25T17:59:40;Tasty Dynamic Wooden
7;2021-10-25T01:45:25;2021-10-25T10:51:37;Malagasy Concrete generate
8;2021-10-25T14:40:37;2021-10-25T03:56:50;Account intranet
9;2021-10-25T09:31:24;2021-10-25T03:09:33;Pants
10;2021-10-25T00:38:46;2021-10-25T00:34:22;Key
