id;createdat;updatedat;deletedat;enabled
1;2021-10-25T12:39:08;2021-10-25T17:16:43;2021-10-25T03:26:44;false
2;2021-10-25T03:12:23;2021-10-25T05:22:04;2021-10-25T10:41:36;true
3;2021-10-24T22:30:06;2021-10-25T00:26:21;2021-10-25T04:28:48;true
4;2021-10-25T08:56:54;2021-10-25T10:27:57;2021-10-24T20:32:22;true
5;2021-10-24T23:57:51;2021-10-25T09:49:40;2021-10-25T09:54:01;true
6;2021-10-25T01:40:00;2021-10-25T14:20:02;2021-10-25T15:55:49;true
7;2021-10-24T20:41:27;2021-10-24T23:48:58;2021-10-24T20:01:58;true
8;2021-10-25T12:57:06;2021-10-25T01:25:07;2021-10-25T06:58:51;true
9;2021-10-25T03:07:57;2021-10-25T11:18:38;2021-10-25T16:39:55;true
10;2021-10-25T02:39:31;2021-10-25T16:15:33;2021-10-24T19:45:19;false
