id;createdat;updatedat;value
1;2021-10-25T00:17:11;2021-10-24T19:51:43;Jewelery flexibility
2;2021-10-25T00:00:15;2021-10-24T21:31:02;back-end
3;2021-10-25T13:37:40;2021-10-25T12:39:25;Granite
4;2021-10-25T18:29:26;2021-10-25T08:42:40;cyan Dynamic Games
5;2021-10-25T15:27:34;2021-10-25T17:19:37;Soap
6;2021-10-25T12:06:59;2021-10-24T23:43:02;Barbados
7;2021-10-24T20:39:09;2021-10-25T11:41:06;neutral Haiti Dinar
8;2021-10-25T06:12:42;2021-10-25T11:34:45;Producer iterate
9;2021-10-25T14:37:06;2021-10-24T22:10:53;feed capacitor
10;2021-10-25T05:31:30;2021-10-25T07:32:23;e-business optimize Principal
